-0.11313,-0.152357,0.786458,0.380384,-2.38345,1.76902,2.16123
0.141882,0.0583393,1.17544,-0.388917,-2.78892,1.38387,1.96292
-0.0970041,0.162188,-0.591928,-0.418285,-1.05898,1.72322,1.84546
0.119514,-0.14028,2.35968,-0.427827,2.27886,1.42548,2.21281
-0.0913008,0.201237,2.62099,0.448318,2.01051,1.70867,1.83496
-0.107861,0.203543,2.52301,0.458184,-1.03695,-1.73068,-1.29541
-0.15631,0.153608,-1.00111,-0.45876,-0.656046,1.80344,1.91131
0.019993,-0.189896,-0.0989855,0.490811,1.61842,-1.56463,-0.821371
0.181251,-0.0262712,1.92496,-0.473928,2.72552,1.31739,2.16954
0.0717502,-0.165809,-0.35037,0.506696,1.85517,-1.48474,-0.812959
0.078618,-0.158074,-0.37646,0.514799,-1.26207,1.47238,2.33583
-0.129494,0.269844,2.44508,0.513485,2.17224,1.7455,1.86192
0.13045,0.290154,-2.49737,0.522497,0.93001,1.37385,1.87147
0.133659,0.301029,-2.49239,0.529132,-2.2131,-1.36731,-1.26782
0.21021,0.162887,-1.78705,0.51596,0.207643,1.25543,2.0446
-0.0795757,0.357662,-0.398463,-0.548857,1.88802,-1.66019,-1.31183
-0.199533,0.198053,-1.29037,-0.527718,2.76488,-1.84403,-1.13659
0.174285,-0.0373371,2.28428,-0.544262,2.35476,1.31123,2.31387
0.202555,0.0203311,-1.07985,0.541722,2.58979,-1.264,-0.876298
-0.0595174,-0.110222,0.30228,0.570508,1.2306,-1.65307,-0.740123
-0.0321013,-0.112414,0.18065,0.576507,1.345,-1.61159,-0.722608
-0.0521907,-0.099469,0.271163,0.578544,-1.884,1.63834,2.41684
0.225085,0.264623,-1.89384,0.55156,-2.79648,-1.21764,-1.1033
-0.0625553,0.448124,-0.320287,-0.58358,1.8167,-1.61391,-1.30035
-0.00454702,0.471491,-0.0715306,-0.589884,1.60149,-1.53246,-1.30852
-0.109858,0.43932,2.59466,0.581884,-1.12378,-1.67447,-1.27073
-0.196868,0.325434,-1.14557,-0.563241,2.59333,-1.80597,-1.14625
-0.109988,-0.0229418,0.54922,0.58559,0.976289,-1.70817,-0.736388
-0.20828,0.303524,1.84466,0.56302,2.7457,1.82084,2.0424
-0.155839,0.0413533,0.808683,0.57887,-2.43355,1.76788,2.35451
-0.10863,0.482164,2.59516,0.589657,-1.12735,-1.65777,-1.25636
0.228129,0.377802,-2.0408,0.570774,0.522779,1.19783,2.02103
-0.0549638,0.526937,2.83793,0.598497,1.80207,1.57844,1.86589
-0.156833,0.0764029,-2.32015,-0.581679,-2.45746,-1.75909,-0.776715
0.247398,0.202328,-1.28231,0.567976,2.82828,-1.16008,-0.868749
0.239738,0.40151,-1.98213,0.570797,-2.67213,-1.17185,-1.09027
0.118802,0.556698,0.401556,-0.597043,1.20812,-1.33905,-1.24509
-0.182258,0.453712,2.11731,0.57428,-0.690794,-1.74119,-1.14167
0.209772,0.13624,-0.870525,0.579146,2.37076,-1.20923,-0.732071
0.235623,0.192642,2.0793,-0.571763,-0.558129,-1.16625,-0.781385
-0.0821627,0.0755393,0.45252,0.592927,-2.10477,1.63515,2.47013
0.014594,0.623158,-0.05057,-0.599544,-1.54903,1.456,1.89192
0.15034,0.103633,-0.515414,0.588512,-1.15135,1.29115,2.49577
-0.0369369,0.0822086,0.268089,0.594235,1.21034,-1.56322,-0.635527
-0.0151662,0.642703,2.95914,0.594348,-1.44109,-1.48246,-1.2353
-0.0600858,0.111479,0.375344,0.588674,-2.04376,1.59004,2.49468
0.033608,0.0974631,3.13649,-0.592663,1.47062,1.4544,2.53533
-0.170779,0.543881,2.13908,0.563022,2.41206,1.6819,2.02649
-0.0891376,0.640178,2.6201,0.579264,1.9798,1.56136,1.9471
-0.149528,0.589235,2.2806,0.56481,2.27729,1.64102,2.00284
0.264463,0.340226,-1.25653,0.550918,2.80748,-1.09648,-0.811434
0.181259,0.200729,2.51959,-0.570688,2.09161,1.22224,2.50016
-0.153738,0.600341,2.22997,0.558045,-0.822228,-1.63521,-1.12167
0.150232,0.682515,0.461284,-0.573187,1.16838,-1.24943,-1.18086
-0.113575,0.234931,-2.46511,-0.563969,0.761278,1.63414,2.44359
-0.068049,0.207692,-2.68422,-0.570104,-2.15961,-1.57107,-0.648715
-0.0448141,0.204643,0.359654,0.571321,-2.06453,1.5363,2.51152
0.228838,0.650601,0.853892,-0.552298,0.806491,-1.13484,-1.10441
0.270195,0.391956,1.94478,-0.53986,-0.406322,-1.06805,-0.776241
0.273062,0.588173,1.21205,-0.538381,-2.7054,1.06585,2.1319
-0.140503,0.669361,-0.879033,-0.548122,-0.866142,1.57689,2.02808
-0.092208,0.724678,-0.605321,-0.558062,-1.10468,1.50601,1.98635
0.012046,0.238308,-2.98736,-0.570188,1.26159,1.43859,2.5458
-0.120479,0.330621,0.767687,0.551475,0.628574,-1.60528,-0.717686
0.00599804,0.789176,-0.187727,-0.570088,-1.44375,1.37306,1.95271
-0.136893,0.707572,2.26409,0.548103,-0.877741,-1.54549,-1.11278
-0.181264,0.620805,1.83695,0.536374,-0.485225,-1.61333,-1.02219
-0.189143,0.558519,-1.5828,-0.535405,2.92804,-1.63389,-0.949997
-0.180888,0.49658,1.2929,0.540296,-3.08658,1.63443,2.26751
-0.171799,0.679572,1.97388,0.545912,-0.626696,-1.57432,-1.06013
-0.0319235,0.828681,2.77616,0.578676,-1.30918,-1.38191,-1.18772
-0.156466,0.731642,2.12731,0.557814,2.36751,1.53463,2.04257
0.221835,0.361389,-0.614127,0.578507,-1.11142,1.10409,2.54466
-0.104393,0.812988,2.45294,0.580484,-1.05788,-1.44882,-1.1636
0.246914,0.388224,2.44584,-0.586823,-1.02691,-1.06019,-0.60646
-0.0300067,0.877744,-0.367002,-0.607175,1.83001,-1.34655,-1.21166
0.279821,0.424446,2.32933,-0.597297,2.24253,1.00383,2.51428
-0.0283865,0.900362,2.77978,0.624995,1.8254,1.32996,1.91423
0.280398,0.418769,2.38594,-0.618438,-0.976604,-0.997739,-0.604505
0.290812,0.862556,0.772542,-0.629564,-2.1871,0.976777,1.95847
-0.0432265,0.353707,0.41154,0.658767,0.90652,-1.44331,-0.619023
-0.154699,0.456158,0.86223,0.651604,-2.71031,1.55749,2.37611
0.331644,0.883286,-2.28835,0.668286,0.913824,0.914198,1.93423
0.399714,0.797977,1.22925,-0.669062,0.523409,-0.814829,-1.10177
-0.0562855,0.356241,0.438645,0.7252,0.849108,-1.44286,-0.621183
-0.0377244,0.342259,0.37588,0.749782,-2.23744,1.41726,2.54195
-0.00447113,0.323265,-2.86456,-0.776443,-2.14741,-1.3737,-0.567087
-0.158827,0.427112,0.750065,0.776094,-2.63793,1.53769,2.39777
0.00548498,1.07432,2.89308,0.828767,1.7798,1.19352,1.72007
0.266566,1.07718,0.39662,-0.851033,-1.71503,0.954272,1.68202
-0.237378,0.969706,2.16742,0.843267,-0.901361,-1.41862,-1.36066
0.533737,0.862843,-1.81545,0.856441,0.614567,0.607087,1.86194
-0.302592,0.924821,1.94218,0.892519,2.40387,1.47801,1.78508
-0.262396,1.02488,2.18594,0.939398,2.21602,1.39553,1.68146
0.4962,0.443183,2.26775,-0.978536,-1.04099,-0.612093,-0.475386
-0.331623,0.981397,-1.16138,-0.991393,-0.782957,1.45684,1.67486
-0.207518,1.14446,-0.711779,-1.06,-1.06639,1.29087,1.51641
0.57935,0.481225,-0.989153,1.07078,2.19718,-0.458188,-0.485637
0.482041,0.316902,2.46066,-1.13276,-1.44539,-0.646383,-0.297442
0.321931,0.179103,2.81168,-1.19552,-1.8066,-0.908312,-0.300154
-0.404471,0.619054,1.24261,1.15187,3.04443,1.6508,1.91616
-0.230978,0.285824,-2.44204,-1.23167,0.497147,1.56449,2.3236
-0.200745,0.236218,-2.51422,-1.27148,0.568452,1.53417,2.36927
0.272257,0.0822019,-0.199975,1.33543,-1.98597,0.978269,2.8397
0.786337,0.898727,1.48248,-1.26335,-1.66187,0.329132,0.805626
-0.38561,1.15484,-1.02244,-1.32175,2.2957,-1.3956,-1.87835
-0.329398,0.315235,0.868437,1.36724,-2.79257,1.63586,2.13761
-0.415998,1.1452,-1.07729,-1.37377,-0.798608,1.42516,1.21429
-0.482062,1.02959,1.84146,1.38066,-0.648134,-1.52403,-1.85083
-0.0452953,0.00389146,0.33723,1.50226,0.800614,-1.34347,-0.601339
-0.51371,0.94675,1.71107,1.42414,-0.527425,-1.59066,-1.82594
0.808262,0.487835,1.97327,-1.46665,0.181635,0.113351,-1.62797
0.83541,1.07969,-1.90726,1.48571,2.14177,0.618376,0.278675
-0.533857,0.881977,1.63197,1.49314,2.71684,1.64567,1.30228
-0.413547,1.2022,-1.01167,-1.55272,2.38794,-1.44638,-2.16889
0.047177,-0.138249,0.203246,1.65676,-2.28468,1.20629,2.60438
-0.537382,0.92522,-1.44348,-1.55919,-0.448599,1.6488,1.18596
-0.457687,1.14982,2.0277,1.60595,-0.666619,-1.52143,-2.19881
-0.0969968,-0.130611,-2.7075,-1.70722,0.772796,1.34492,2.42448
0.509971,-0.125072,-0.49527,1.72285,-2.27523,0.646108,3.1378
-0.487604,0.39468,-1.94611,-1.6599,0.184755,1.75272,1.67356
-0.463378,1.12905,2.01476,1.68753,2.54105,1.58264,0.853888
-0.138371,-0.178263,0.510022,1.78087,-2.37342,1.35765,2.34198
-0.440582,1.15033,-1.07278,-1.72871,-0.59922,1.59003,0.782867
0.567627,1.33357,0.576003,-1.80859,-0.679931,1.13795,0.180117
0.778003,0.0642249,-0.951685,1.77796,-3.00088,0.382823,-2.15076
0.794088,0.0729334,2.15861,-1.79035,0.0374575,0.388664,-2.04284
0.906776,0.978995,-1.8649,1.77321,-0.686398,-0.920655,2.82199
0.920151,0.926665,1.32532,-1.78497,-0.684756,0.913051,-0.39504
-0.259951,1.25737,2.40636,1.87041,2.52037,1.57879,0.497251
-0.536408,0.771981,-1.45776,-1.80773,2.97313,-1.83406,-2.12253
0.333892,1.3421,0.198213,-1.94866,2.52731,-1.38587,-3.01209
-0.33531,-0.146908,0.886295,1.89448,-2.41281,1.51538,1.97797
0.768133,-0.137586,-0.925177,1.90306,-0.0533864,-0.431333,0.923308
0.653371,-0.322304,-0.713381,1.94406,0.306046,-0.460632,0.363158
0.947277,0.444391,-1.48574,1.87535,2.43745,0.793929,-0.99859
-0.455631,0.0470324,1.18169,1.90964,0.608533,-1.69909,-1.46594
0.857705,-0.0390497,-1.1288,1.92741,-0.505939,-0.520705,1.43842
-0.521285,0.53631,-1.52144,-1.90992,0.158601,1.92735,1.10979
-0.0412963,1.22143,2.73393,2.0345,-0.528718,-1.73018,-2.96411
0.482992,1.20203,0.428914,-2.04266,2.58771,-1.55507,2.96343
-0.00165621,-0.645452,0.348589,2.05688,0.966227,-0.94283,-0.904004
-0.465876,-0.0194054,1.26201,1.96135,-2.42337,1.69449,1.59453
0.698785,1.03805,0.801115,-2.02444,2.54086,-1.49907,2.7086
0.0997421,1.17792,2.95101,2.08674,-0.504073,-1.80096,-3.13434
0.764951,-0.434935,2.21057,-2.02045,-0.401063,0.394897,-2.23968
-0.456817,-0.127861,-1.88245,-1.98773,-2.30461,-1.63401,-1.54504
0.0433802,1.11976,2.85464,2.0989,2.6766,1.89803,0.0114497
0.305199,-0.82345,-0.136489,2.10995,-2.26845,0.530813,2.40054
0.938678,0.298255,1.48972,-1.98779,2.24315,-1.08421,2.00978
-0.226689,-0.677108,0.752724,2.06685,-2.00473,1.06529,1.87197
-0.46841,-0.121654,1.37026,2.00012,0.888947,-1.68878,-1.64024
0.934763,0.414949,-1.79882,2.00459,2.23338,1.22589,-1.01313
0.223182,-0.912064,-3.09436,-2.1271,1.11161,0.602608,2.13295
0.952407,0.394985,-1.81262,2.0095,2.19223,1.21565,-0.992786
0.693349,0.882794,0.702737,-2.08389,-0.73773,1.69445,-0.557034
0.0245141,0.96442,-0.426261,-2.1131,-0.470571,2.11213,0.0530892
0.330469,1.00057,-3.0827,2.13116,2.50605,1.97098,-0.228801
0.504383,0.958655,0.327009,-2.12074,-0.71459,1.87774,-0.368628
0.76318,-0.818142,2.38728,-2.07833,0.658791,0.167684,2.76484
0.880281,-0.702494,2.1787,-2.05066,-0.495077,0.128322,-2.28435
-0.0576908,-0.893297,0.655452,2.08791,1.39002,-1.03776,-1.28549
0.011677,-0.945432,0.552288,2.09735,-1.71966,0.97119,1.86159
0.528634,0.896406,0.282724,-2.11674,2.32652,-1.92326,2.76905
0.370015,0.905739,-3.13435,2.12219,-0.763942,-2.05582,2.89998
-0.342185,-0.0935325,-1.5426,-1.99053,-2.20053,-2.04813,-1.6457
0.990248,0.445958,-2.06825,2.02232,2.00236,1.34488,-0.766367
0.404191,0.86286,0.0152823,-2.11189,-0.82809,2.07363,-0.26621
0.610751,0.812956,-2.8049,2.09628,2.20096,1.90744,-0.424714
0.845389,-0.970205,2.42074,-2.0543,1.73678,0.298105,1.69403
1.03325,-0.760579,2.05888,-2.00337,0.0804492,-0.0841233,-2.82195
0.863054,0.623784,-2.42362,2.04419,-1.12252,-1.63486,2.54733
1.14617,-0.0362874,-1.74326,1.96297,1.65605,0.846727,-0.815601
-0.0301685,-0.9759,0.808128,2.02097,1.6039,-1.24439,-1.39003
0.988335,-0.936616,-0.90187,2.00236,-0.986119,0.281473,1.31912
0.566527,0.738797,0.15888,-2.06481,-1.03938,2.02037,-0.385057
1.12902,-0.74782,1.95128,-1.95329,-3.04437,0.207549,0.337381
0.868304,0.573933,0.629781,-2.01435,-1.22884,1.67,-0.557433
-0.0861256,-0.915136,-2.13665,-1.95957,1.61622,1.45078,1.72355
1.20956,-0.56184,-1.41133,1.91228,-2.35765,-0.35859,2.89905
-0.0264799,-0.991148,-2.22993,-1.95479,-1.46151,-1.3958,-1.43744
0.495742,0.661036,3.10664,2.01918,-1.08585,-2.1522,2.80361
-0.0233414,-0.993955,0.936652,1.93364,-1.44493,1.43813,1.69209
0.508047,0.632844,-0.0399598,-2.00063,2.02206,-2.15694,2.79443
1.17691,0.0638112,1.14163,-1.88971,-1.66948,1.05444,-0.568365
1.1925,-0.862644,1.97662,-1.8773,2.74874,0.417525,0.79752
0.693228,0.574169,0.219669,-1.9659,-1.27031,1.95983,-0.44319
0.53385,0.577568,-0.0454251,-1.9602,1.95662,-2.16,2.77736
1.27444,-0.664104,1.73173,-1.82669,-2.91648,0.460644,0.280998
0.547287,0.55055,-0.0459867,-1.93844,1.92493,-2.15848,2.76986
1.27123,-0.761498,1.81423,-1.80986,3.05997,0.492412,0.542451
-0.0942879,-0.782966,-1.82979,-1.79977,-1.55828,-1.87852,-1.47497
0.56213,0.5105,-0.0536019,-1.90395,1.88308,-2.16,2.76321
0.566985,0.49735,3.08575,1.89201,1.86971,2.16,-0.380106
-0.0958758,-0.667233,-1.68682,-1.75715,1.48895,2.06305,1.64662
-0.0936647,-0.59749,-1.61159,-1.74345,-1.71732,-2.15714,-1.51082
0.73385,0.447348,0.180253,-1.85194,-1.4167,1.95671,-0.43172
1.32293,-0.707465,-1.43336,1.72157,0.00790974,0.627338,0.483057
0.181478,-1.1541,-2.39255,-1.77757,-1.25903,-1.54642,-1.5931
1.27288,-0.930491,-1.17606,1.71468,-0.497327,0.729686,0.880796
0.84518,0.368038,-2.81684,1.7925,1.6051,1.81458,-0.431053
-0.00408465,-0.887488,-1.89943,-1.68274,-1.4766,-1.93817,-1.53781
0.0295032,-0.953217,1.15297,1.67777,1.71944,-1.87807,-1.55407
0.627398,0.372696,3.09388,1.76225,-1.40269,-2.12858,2.75463
0.66136,0.361664,-0.00113134,-1.74856,-1.43768,2.0856,-0.392428
-0.0106029,-0.747685,1.42716,1.61804,1.5234,-2.16,-1.56097
0.966446,0.24326,0.483392,-1.69725,1.43675,-1.64716,2.75755
1.27854,-0.201178,-2.01442,1.61222,0.854676,1.0417,-0.10468
0.629552,0.312226,-0.0807368,-1.69074,1.70478,-2.14264,2.76843
0.779785,0.293712,-2.98625,1.67432,1.5693,1.93377,-0.384935
0.0362768,-0.814318,-1.78368,-1.55221,-1.58108,-2.16,-1.59939
1.28514,-0.240172,1.13298,-1.55502,0.759386,-1.06337,3.11249
1.351,-0.534764,1.45053,-1.51999,-2.90245,0.915241,0.331668
0.962354,0.180762,-2.70184,1.5983,-1.77836,-1.67092,2.8105
0.144955,-1.00901,1.05563,1.51605,-1.40463,1.98892,1.48668
0.306348,-1.15513,-2.44261,-1.537,-1.2571,-1.80153,-1.71741
1.03052,0.0989159,-2.59204,1.53378,-1.90053,-1.57067,2.87134
0.118953,-0.902261,-1.914,-1.44754,1.60162,2.16,1.46916
0.191757,-1.02025,1.01057,1.44877,1.7274,-2.0304,-1.69931
0.636763,0.172957,2.99993,1.50329,1.64512,2.16,-0.323166
0.683908,0.166505,-0.0672848,-1.4857,1.58676,-2.09335,2.82126
0.660516,0.150963,3.02881,1.4657,1.60969,2.12877,-0.312484
0.300416,-1.08806,0.806894,1.39557,-1.35481,1.98267,1.37788
1.26822,-0.943096,2.01694,-1.34639,-0.58236,-1.21647,-2.25823
0.233198,-0.989594,1.02172,1.33668,-1.49265,2.13603,1.37658
1.32015,-0.60804,-1.64392,1.29049,-3.13499,-1.14684,-2.64111
0.643062,0.0847996,-0.16979,-1.36651,1.61776,-2.16,2.86691
1.18913,-1.01875,2.22463,-1.28951,-0.744666,-1.36133,-2.17795
1.03774,-0.0425601,-2.57801,1.30298,-2.08898,-1.58531,3.02381
1.21927,-0.955611,2.10476,-1.23735,2.48677,1.35359,0.899125
0.70577,0.0435243,3.06903,1.28206,-1.62445,-2.0701,2.90361
0.386296,-1.05174,0.738865,1.21851,-1.4458,2.09495,1.26767
0.426426,-1.06659,-2.48525,-1.20261,-1.42182,-2.07144,-1.89389
0.489061,-1.08859,-2.61673,-1.18982,1.76448,2.02712,1.2229
1.18552,-0.923946,2.11333,-1.12522,-0.660732,-1.44803,-2.27008
0.699508,-0.0223095,-0.0996532,-1.16268,1.50768,-2.07855,2.95908
1.23781,-0.603584,1.49321,-1.05517,-0.060259,-1.36209,-2.6069
0.817106,-0.0536453,0.140803,-1.10672,-1.8467,1.90813,-0.122188
1.19798,-0.489858,1.28487,-1.00934,-2.98104,1.41075,0.413698
1.08067,-0.953378,2.33289,-1.01289,-0.821798,-1.61091,-2.23111
0.498326,-0.995944,-2.54906,-0.997929,-1.55931,-2.16,-2.0267
0.713402,-1.0446,-3.06447,-0.988965,1.83352,1.96593,1.06457
1.11007,-0.835577,2.08239,-0.905202,-0.638597,-1.59496,-2.34163
0.887182,-0.99058,-0.357649,0.913649,-1.1121,1.83685,0.972147
0.699204,-0.993299,0.106859,0.885447,1.76214,-2.02129,-2.12434
0.640045,-0.184891,-0.262332,-0.84594,1.61403,-2.14984,3.13028
0.834469,-0.20274,-2.86632,0.805762,1.09943,1.87303,0.0788037
1.05648,-0.521041,-1.79106,0.714555,-3.10703,-1.62614,-2.64748
0.766512,-0.22416,-3.01984,0.720863,-1.91165,-1.95905,-3.04096
0.721094,-0.881225,-3.14096,-0.672668,1.71103,2.05015,0.906113
0.787642,-0.27324,-2.8787,0.6156,1.08411,1.92404,0.191281
0.843891,-0.774285,2.56352,-0.546847,2.09516,1.91902,0.800296
0.820493,-0.35377,0.589501,-0.481439,-2.3826,1.87848,0.334365
0.866549,-0.510233,-1.73532,0.393217,-0.0309734,1.84324,0.548205
0.772443,-0.3976,-2.48473,0.338338,-2.44612,-1.93318,-2.7217
0.620331,-0.398929,2.73209,0.263819,1.7836,2.12781,0.399385
0.678968,-0.360745,-3.06331,0.343598,-1.85218,-2.0187,-2.79804
0.782515,-0.677705,2.42293,-0.391109,-0.933437,-1.9066,-2.43268
0.589869,-0.339557,2.78726,0.451831,-1.37095,-2.09928,-2.8926
0.769402,-0.345405,0.51421,-0.492961,0.901917,-1.8344,-2.86482
0.603527,-0.301683,2.93538,0.541387,-1.49247,-2.04143,-2.9697
0.686456,-0.286135,-3.00391,0.579196,-1.82737,-1.90792,-2.9887
0.571074,-0.284101,2.87374,0.612455,-1.38893,-2.05484,-3.02483
0.898479,-0.713029,-1.13746,0.609777,2.63523,-1.62069,-2.53124
0.890143,-0.427006,1.01688,-0.643761,0.483859,-1.5867,-2.8674
0.819793,-0.321282,0.640779,-0.688634,0.889091,-1.66082,-3.00872
0.732085,-0.254425,-2.81184,0.729072,-1.91999,-1.76773,-3.10445
0.751373,-0.256624,-2.74435,0.753208,1.17561,1.72594,0.0226353
0.515919,-0.230236,2.87007,0.781627,-1.26658,-2.05003,3.12785
0.432547,-0.936075,0.492323,0.795985,1.53957,-1.9401,-2.30799
0.830183,-0.916115,-0.668168,0.808937,2.30066,-1.52713,-2.45255
0.319055,-0.896211,0.799221,0.820929,1.35821,-2.01538,-2.31773
0.730029,-0.988307,2.76694,-0.86461,-1.02434,-1.57012,-2.39778
0.509842,-1.01819,0.171103,0.891194,1.81184,-1.73736,-2.32329
0.446354,-1.01742,0.308716,0.906204,-1.39311,1.76678,0.827
0.396974,-0.203967,2.73167,0.920413,-0.965548,-2.13234,3.07302
0.785442,-0.238476,0.568538,-0.929529,1.19256,-1.56162,2.98829
0.46209,-1.05563,0.201537,0.963368,-1.29038,1.66074,0.807738
0.751062,-0.207077,-2.64524,0.96571,-1.83594,-1.59387,2.93244
0.609843,-0.139143,0.17011,-0.995714,1.64122,-1.79844,2.89392
0.562233,-0.125748,0.0792829,-1.01263,1.74917,-1.85805,2.88578
0.903741,-0.391801,-2.13073,0.974019,0.822924,1.29579,-0.123634
0.522898,-1.1008,3.11416,-1.04249,-1.11663,-1.46959,-2.39468
0.801446,-1.01908,2.44754,-1.02489,-0.714663,-1.22969,-2.57329
0.959616,-0.602488,1.43096,-0.994175,0.374385,-1.11721,-3.11901
0.921869,-0.457192,1.15881,-1.01753,-2.40251,1.19226,-0.155594
0.42125,-0.0875154,-0.112409,-1.09594,2.06751,-1.99581,2.85831
-0.0188419,-0.634844,1.65199,1.02937,-2.25627,2.11187,0.676552
0.317507,-0.0968957,-0.287433,-1.11519,-0.832697,2.1029,-0.216785
0.321165,-0.0862581,2.88129,1.12688,-0.844466,-2.09054,2.90504
-0.0573947,-0.728692,1.48033,1.06013,-2.00836,1.97919,0.739148
0.0724319,-1.02513,-2.34702,-1.10969,-1.4371,-1.60853,-2.35411
-0.0565128,-0.487859,1.90148,1.0864,0.65577,-2.15699,-2.58953
0.426096,-0.0402316,-3.11935,1.17106,2.0727,1.93214,-0.393947
0.249945,-1.13524,0.309686,1.17206,-1.14772,1.34216,0.703834
0.243544,-0.0593297,-0.303111,-1.18084,2.47605,-2.12172,2.91115
0.622081,-1.11481,-0.469409,1.179,-0.723319,1.03955,0.471389
0.860648,-0.885516,-1.17477,1.13031,3.10112,-0.8895,-3.07783
0.111972,-1.10759,-2.62403,-1.19059,1.93296,1.34554,0.699945
0.843536,-0.418766,1.16082,-1.14503,-2.06585,1.13463,-0.510651
0.33311,0.00128056,3.10614,1.22548,-0.863268,-1.98964,2.72745
0.0397418,-1.0869,0.611995,1.20293,1.9127,-1.32664,-2.45758
0.326942,0.0135116,3.12977,1.23782,2.29668,1.9812,-0.437343
0.650392,-1.0719,-0.664436,1.20984,2.68194,-0.869933,-2.89857
0.661537,-0.146931,0.712459,-1.21074,-1.48019,1.48457,-0.68115
0.792936,-0.385712,1.14957,-1.17893,1.23809,-1.15893,2.48079
0.628199,-0.11872,-2.4666,1.22308,1.7391,1.52639,-0.708099
0.576067,-1.08673,2.56538,-1.2354,2.68914,0.828692,0.193195
-0.207963,-0.360436,-1.1334,-1.19174,-2.38381,-1.99584,-2.68641
0.362119,0.0429769,-2.9627,1.26564,-0.884571,-1.89065,2.56338
-0.253502,-0.807821,1.27023,1.18929,1.54063,-1.50439,-2.49612
0.755408,-0.40907,-1.90687,1.1936,-1.85233,-1.13334,2.36341
0.651938,-0.976734,2.2593,-1.22237,-3.1399,0.738203,-0.170048
0.457603,-1.09379,2.69894,-1.26083,2.71442,0.775171,0.105715
0.523625,-1.05383,2.53523,-1.24944,-0.24649,-0.738527,3.11017
0.433503,-1.08633,-0.431792,1.2634,2.75579,-0.753879,-3.08902
-0.268082,-0.291969,-1.09683,-1.20872,-2.33831,-1.90296,-2.76662
0.375794,0.0550365,-2.78969,1.26849,2.26278,1.81898,-0.716758
0.470002,-0.00837685,-2.56972,1.25267,2.08124,1.685,-0.821673
0.185168,0.107762,-3.12755,1.27719,2.63984,1.9858,-0.51759
0.635525,-0.839538,-1.09581,1.20643,-2.60403,-0.755819,2.51763
-0.2964,-0.846049,1.06688,1.20695,1.78371,-1.21028,-2.66036
0.422096,0.0208448,0.549727,-1.24809,-0.960522,1.72383,-0.845464
0.177641,0.125306,-3.07605,1.26848,2.66989,1.9639,-0.568213
-0.0985775,0.0565841,2.66686,1.24745,0.159008,-2.0219,3.00088
0.45226,-0.955823,-0.694913,1.22626,-2.93096,-0.689392,2.64111
0.23368,-1.03806,-0.233349,1.25192,2.88753,-0.693209,2.9519
0.379651,-0.971113,2.57173,-1.22682,-3.00339,0.681658,-0.483474
0.601745,-0.470847,-1.63033,1.1618,1.38302,1.11336,-1.08217
-0.340694,-0.180349,-1.05084,-1.17656,0.886256,1.74538,0.187496
0.50844,-0.778802,2.10666,-1.17141,0.780675,-0.812512,2.2232
-0.240869,0.0069114,-0.703237,-1.19087,0.537168,1.88243,-0.0375526
0.500826,-0.728469,2.04288,-1.15279,0.9065,-0.864653,2.13472
-0.309534,-0.0624671,-0.87535,-1.16136,-2.39371,-1.78371,-3.10637
0.176973,-0.952032,-0.263788,1.1943,-3.10555,-0.688091,2.61966
-0.326129,-0.778592,-2.23637,-1.14156,-1.06679,-0.967698,-3.02176
-0.131012,-0.914016,-2.77001,-1.17,-0.553836,-0.767274,2.98523
0.15998,0.154167,0.281876,-1.16262,2.75091,-1.8817,2.3545
0.267967,0.0871048,0.562247,-1.13465,-0.647185,1.78976,-0.961546
0.408995,-0.668035,-1.05196,1.08686,1.02056,0.948632,-1.15015
0.187627,0.135005,-2.73376,1.11812,-0.455482,-1.84518,2.25616
-0.404548,-0.575762,-1.94168,-1.05253,-1.25313,-1.08466,-3.13119
0.427407,-0.430221,-1.46864,1.03024,-1.65402,-1.22043,1.86277
-0.296584,0.0366377,2.39962,1.05316,0.751319,-1.72397,2.92618
-0.384534,-0.586947,1.08802,1.01367,-1.09407,1.02365,-0.117035
-0.0446651,0.18348,3.08105,1.04945,0.110637,-1.87516,2.50965
0.250406,0.0409937,-2.39465,0.99975,-0.682729,-1.7421,2.03724
0.211103,0.0746168,0.650569,-0.986873,2.57268,-1.77697,2.07713
-0.308439,0.0314754,-0.780214,-0.958872,-2.27402,-1.65707,2.82455
-0.199292,0.131031,-0.430936,-0.956641,-2.59452,-1.77276,2.65226
0.316222,-0.21386,1.38442,-0.885815,-1.25086,1.4933,-1.32114
-0.306807,0.0255426,2.34083,0.88858,-2.20344,1.62355,-0.393219
0.161592,0.0710692,-2.49306,0.872579,-0.482508,-1.7804,2.04662
-0.204382,-0.626619,-2.69049,-0.856734,2.89987,0.931042,-0.728784
0.266696,-0.294845,-1.48505,0.787789,1.67954,1.4256,-1.36003
-0.217207,0.0929994,2.62913,0.797403,-2.41457,1.7,-0.596348
0.175315,-0.0081646,0.888598,-0.748547,2.4737,-1.72266,1.93295
-0.141742,-0.570292,0.26721,0.74916,-3.12579,-1.01608,2.20871
0.236376,-0.0906288,1.1915,-0.757464,-0.971127,1.62071,-1.32645
0.122792,-0.566532,2.63002,-0.834374,0.775892,-1.03689,1.85768
-0.0418805,-0.630779,-3.10501,-0.89198,-2.93351,0.877195,-1.03941
-0.101625,0.230967,-0.233227,-0.931553,0.393652,1.76174,-0.741536
0.0737938,-0.647989,-0.211625,0.96995,0.450356,0.820334,-1.18281
0.349432,0.0160953,1.0987,-0.958967,2.23964,-1.57928,1.72426
-0.371444,-0.296728,-1.76176,-0.981778,1.7355,1.09035,-0.319891
-0.252175,0.188943,-0.758113,-1.04694,0.761784,1.60597,-0.481204
0.160462,-0.681694,-0.279969,1.107,0.487519,0.661917,-1.23515
-0.323267,-0.445799,1.07344,1.08654,1.91737,-0.890298,2.88155
0.0261648,0.392091,3.04662,1.16968,-3.02426,1.76939,-0.835047
0.397366,-0.575684,2.36018,-1.16086,-2.08242,0.737968,-1.56444
-0.302164,0.138343,2.09935,1.1678,0.856729,-1.49641,2.83325
0.54598,0.0501813,-1.91958,1.18183,-1.01174,-1.38165,1.56029
-0.355107,-0.186886,-1.61594,-1.19425,1.29444,1.16578,-0.0827201
0.0315349,0.468946,-0.212307,-1.29194,-3.04217,-1.74319,2.36347
0.170191,0.496965,-3.08878,1.31656,-0.113137,-1.73643,2.18841
0.00904817,0.485205,2.8319,1.32987,-3.01728,1.72995,-0.720656
0.0919744,-0.748838,0.161287,1.35521,2.46576,-0.362698,2.82558
0.535472,-0.598977,-0.772127,1.3356,-2.0154,-0.476004,1.45208
0.710733,-0.133104,-1.55295,1.30674,1.86045,1.00453,-1.77194
-0.309619,-0.107193,1.58007,1.32183,1.02604,-1.27057,-3.09879
0.0371341,-0.725786,-2.77127,-1.41353,-1.25524,-0.456991,-2.97674
0.194912,0.594794,3.0636,1.43902,-0.158315,-1.69701,2.25058
0.369805,0.592463,0.238388,-1.44901,2.78419,-1.63498,2.0481
0.763904,0.173487,1.22228,-1.3877,2.16373,-1.18104,1.48153
0.813983,-0.0229083,-1.64253,1.38943,-1.16907,-0.960679,1.35258
0.668625,-0.582964,-0.792831,1.44742,1.29945,0.277989,-1.86012
0.494959,-0.721752,2.76693,-1.49299,-0.565262,-0.0988374,2.92618
0.631229,0.551144,-2.51151,1.48479,2.51738,1.44302,-1.32841
0.641919,-0.64647,2.52158,-1.49612,0.993379,-0.0890372,1.49027
0.394208,0.691428,-3.04382,1.53576,2.74341,1.59092,-1.01281
-0.205858,-0.0749915,-1.62648,-1.44989,0.787881,1.39614,0.20518
0.675238,-0.643628,-0.600747,1.52364,0.0623677,0.00966258,-0.725372
0.70129,-0.629724,2.51354,-1.52845,2.91122,-0.0020057,-0.415455
0.687138,0.637835,0.56899,-1.54039,-0.650306,1.38507,-1.27697
0.786976,-0.564264,-0.760971,1.52901,-1.17068,-0.0620467,0.608598
0.489353,-0.729608,-0.13389,1.57766,1.35326,-0.38749,-2.22847
0.681137,0.696354,0.475196,-1.5654,2.49508,-1.38355,1.92905
0.450837,-0.725647,3.12527,-1.5895,-1.84027,-0.503194,-2.22514
0.889693,0.54707,0.881084,-1.53724,-0.827717,1.15733,-1.42879
0.878169,-0.50737,-0.817834,1.54725,3.11711,0.0602344,2.65957
0.534957,0.795168,0.100835,-1.60027,-0.579552,1.47243,-0.997423
0.071024,0.597275,-0.839629,-1.55121,-0.161483,1.70375,-0.425235
0.25192,0.75113,-0.472284,-1.58729,-0.403971,1.62703,-0.678105
0.903168,-0.512986,-0.752102,1.56409,-2.14683,0.148498,1.615
0.723748,0.79519,0.357128,-1.59863,-0.720182,1.32721,-1.10749
1.0521,0.48586,1.08633,-1.53426,-0.975517,0.918143,-1.48616
0.257435,-0.572202,-2.58248,-1.58496,-2.05704,-1.06195,-2.33242
1.07353,-0.286813,2.06871,-1.53584,-0.602016,0.0900865,-2.81421
0.00905041,-0.0511381,1.36091,1.51577,0.557613,-1.61079,-2.78645
0.92962,-0.514692,2.49797,-1.57597,-1.91047,-0.336104,-1.80425
0.680082,-0.633576,-0.13887,1.60691,-1.92974,0.699913,1.08225
1.02309,0.700918,0.79936,-1.55761,-0.956495,1.01164,-1.25587
0.14309,0.599061,-1.00226,-1.53543,2.83691,-1.73352,2.79696
0.742631,0.885156,-2.95362,1.59867,2.30763,1.29219,-0.96456
0.20191,0.670066,-0.904332,-1.53911,2.71573,-1.70461,2.71919
0.974246,0.812627,-2.55255,1.56615,2.17476,1.0767,-1.1083
0.685832,0.912186,0.0216525,-1.59115,2.28847,-1.33325,2.26665
0.417448,0.85134,2.64116,1.56531,2.4272,1.54238,-0.652662
0.469746,-0.509484,0.42009,1.56656,-2.09018,1.21992,0.887304
0.508494,0.893297,-0.36724,-1.56486,-0.80477,1.47345,-0.704354
0.243626,0.666542,2.15677,1.50427,2.64322,1.71959,-0.384
1.30672,0.23724,-1.55591,1.46676,-1.56397,-0.269978,1.79429
0.89197,-0.500807,-0.280455,1.55179,1.27426,-0.829914,-2.02876
0.475073,0.877674,-0.519182,-1.52928,2.31374,-1.5136,2.51534
1.30004,0.00737943,1.90187,-1.45835,-0.769599,-0.0995504,-2.42118
1.34178,0.323101,1.52304,-1.44048,-1.74201,0.288004,-1.10486
0.831931,-0.480779,-0.094899,1.52894,-1.91673,1.02766,1.04266
1.30933,-0.0173523,-1.16684,1.44077,2.08357,-0.208215,-2.1874
0.399828,-0.242852,-2.33733,-1.46477,-2.38926,-1.63787,-2.4761
0.734905,0.964993,3.00441,1.5027,2.06942,1.30063,-0.714994
0.647134,-0.404117,-2.82064,-1.48633,1.04489,1.37265,0.888595
1.38131,0.220174,-1.42393,1.39304,0.15014,0.180962,-0.0234177
0.433584,0.80821,-0.823668,-1.42663,2.29688,-1.61147,2.66678
1.39442,0.239766,1.71547,-1.37418,-3.11189,0.212093,0.0995361
0.389441,-0.0486205,-2.12898,-1.38832,-2.66462,-1.81883,-2.66702
1.17605,0.893654,-2.52137,1.41237,-1.44935,-0.875581,2.37155
1.12945,-0.277914,-0.502629,1.40984,-1.67385,0.897736,1.06096
1.08267,0.955516,0.390335,-1.40516,1.72737,-0.991098,2.43582
0.952134,-0.330281,-0.119505,1.40382,-1.88424,1.21176,0.975868
0.650926,0.93979,-0.488132,-1.37257,-1.15331,1.41543,-0.545792
1.29005,-0.0872659,-0.815564,1.33154,1.75544,-0.724074,-2.13745
0.957023,0.996985,0.0844241,-1.364,-1.40843,1.12857,-0.609582
1.429,0.59658,-1.83291,1.26815,-2.40266,-0.470088,2.84004
0.696085,0.951986,2.6742,1.31883,1.90017,1.38937,-0.517062
1.41635,0.675575,-1.95034,1.24522,-2.30364,-0.545815,2.81385
0.790006,0.98296,-0.306767,-1.29579,-1.35541,1.304,-0.517994
0.765313,0.973728,-0.375692,-1.27535,-1.34814,1.33414,-0.498816
1.30622,-0.00867559,2.37121,-1.22888,-1.3714,-0.891831,-2.21591
1.00152,1.00491,0.0778804,-1.25153,-1.59011,1.11448,-0.493946
0.646602,0.897023,-0.713103,-1.19919,1.90557,-1.48952,2.71813
0.94219,1.00622,3.07343,1.21409,-1.5799,-1.18072,2.68083
0.559065,0.204439,1.06244,1.13294,-3.0563,1.94339,0.233416
1.04261,1.00479,-3.02385,1.17269,-1.72619,-1.09655,2.7252
0.636057,0.128773,0.853902,1.10839,-2.84474,1.92113,0.356572
0.742989,0.940712,-0.574393,-1.1089,-1.42389,1.4101,-0.38945
1.38767,0.807459,1.00316,-1.05415,-2.53672,0.763343,-0.0733543
0.566601,0.425907,-1.80208,-1.01371,2.76607,-1.90773,3.13491
1.13598,0.0240317,-0.288512,1.05388,1.34796,-1.41857,-2.34928
0.640084,0.809758,-1.022,-0.980516,-1.20347,1.60514,-0.29395
1.21304,0.96174,-2.66427,0.990367,-2.2002,-0.992984,2.95912
0.970379,0.0774392,0.110301,0.976439,-2.19193,1.6966,0.638856
0.639348,0.432147,1.20084,0.888023,-0.330313,-1.9034,-3.10333
1.37241,0.402692,2.05034,-0.862814,2.14541,1.0815,0.640552
1.05698,0.158407,-0.0907865,0.883033,-2.04326,1.63222,0.644473
0.870462,0.197141,0.422938,0.870248,-2.55613,1.83432,0.464834
1.08718,0.150974,3.02307,-0.878471,-1.96824,-1.58585,-2.46823
1.35571,0.835782,-2.21602,0.837965,0.456893,0.95862,0.0785812
1.03644,0.139298,-3.0878,-0.877612,1.04948,1.64162,0.656584
1.16229,0.150619,-0.254543,0.8741,-1.77139,1.46385,0.730967
1.19162,0.948932,0.316576,-0.873209,1.08059,-1.13105,3.01795
1.16606,0.138637,2.90933,-0.878264,1.38796,1.44247,0.754457
1.20692,0.943026,0.32825,-0.878014,-2.01182,1.13274,-0.118226
1.07981,0.115173,0.0162216,0.888782,-1.95354,1.5432,0.746818
1.45177,0.43859,-1.24625,0.837621,-0.559179,0.915387,0.569831
0.896724,0.174224,-2.61579,-0.883575,0.717133,1.74638,0.622589
0.710402,0.575436,-1.56386,-0.843275,2.67808,-1.81538,-3.01825
0.908387,0.919326,-0.496946,-0.898645,-1.35896,1.45958,-0.125552
0.940239,0.935645,2.73429,0.911191,1.74745,1.42549,-0.123599
0.930655,0.934375,2.70911,0.918646,-1.35645,-1.4362,3.02852
0.727307,0.722352,1.93837,0.882767,-0.748018,-1.71871,-3.0863
0.888323,0.149325,-2.59853,-0.93201,0.798914,1.67891,0.744571
1.26348,0.110664,2.73313,-0.950143,1.70311,1.13801,0.936166
0.888461,0.93233,-0.526918,-0.954004,1.92698,-1.47199,3.07347
0.947693,0.0902559,0.361235,0.973729,1.01175,-1.55219,-2.26709
0.844235,0.15676,0.632281,0.969352,0.757484,-1.66632,-2.35065
1.08987,0.998234,-0.00778295,-1.00583,1.69857,-1.25815,3.03827
1.50012,0.419788,1.88065,-0.953767,2.89128,0.655348,0.589567
0.816387,0.924809,2.47309,1.00274,2.10672,1.51649,-0.00135669
0.655582,0.465804,1.35526,0.974296,0.00499672,-1.78848,-2.66501
1.05235,0.0189061,0.0651698,1.05647,-1.83457,1.28055,1.07447
0.752221,0.194071,-2.33885,-1.03134,-2.50016,-1.66009,-2.3088
0.679554,0.827775,-1.03703,-1.0289,2.43695,-1.63164,-2.9947
1.49877,0.76813,1.19173,-1.03399,1.08004,-0.698206,3.09599
1.49623,0.366497,-1.1745,1.04929,-0.25129,0.487209,0.668014
1.48705,0.338638,-1.12635,1.06656,-0.334641,0.466535,0.730295
1.5318,0.627516,1.49855,-1.06692,-2.31512,0.522745,0.036949
1.42915,0.21627,-0.904935,1.11179,2.35478,-0.484542,-2.11315
1.05231,-0.0385194,-0.028141,1.17875,-1.78361,1.04589,1.28962
0.582582,0.837307,-1.10888,-1.12885,-0.539521,1.60326,0.250503
0.52784,0.462081,-1.79326,-1.13199,-3.00248,-1.67649,-2.46779
0.826575,-0.0156244,-2.76578,-1.21905,1.0482,1.24835,1.25534
0.511801,0.392133,1.23873,1.1705,-2.8647,1.62848,0.785996
1.23682,-0.00163636,2.65965,-1.24854,1.61687,0.573744,1.50813
0.697382,1.06195,-0.568042,-1.26156,-0.755813,1.38352,0.063166
0.689494,0.00348633,-2.59163,-1.28347,0.904126,1.25034,1.28656
0.7241,-0.0456489,-2.70107,-1.31413,-2.17518,-1.14574,-1.76729
0.558763,0.0734744,-2.38566,-1.31129,-2.39078,-1.30144,-1.91167
0.502093,0.0985509,-2.31292,-1.33254,-2.44302,-1.29471,-1.92409
0.570245,-0.0459672,-2.55179,-1.39328,-2.30037,-1.08166,-1.7175
0.275698,0.864039,1.99696,1.41381,3.06178,1.39581,0.403131
0.80203,1.16203,0.0101093,-1.52189,-0.337753,1.24937,-0.213293
1.07812,-0.189222,-0.533178,1.51162,3.00608,0.315081,-2.8508
0.930178,1.12832,0.280638,-1.54073,2.86467,-1.2549,2.7959
1.16482,-0.119086,2.38909,-1.51035,2.54075,-0.434406,0.95114
1.13704,-0.158738,-0.709414,1.52232,2.5315,0.43505,-2.22012
1.34393,0.323541,-1.38992,1.47055,-0.689288,-0.880986,1.76175
0.593264,-0.349761,0.260057,1.57004,-2.46447,0.449214,2.0831
0.513372,1.0663,2.74495,1.5667,-0.0381124,-1.37944,-3.13228
0.699446,1.09318,-0.0577867,-1.5847,3.06321,-1.37962,2.98253
0.811678,1.08017,-2.99605,1.58666,3.04871,1.38422,-0.256154
1.32782,0.482072,-1.65482,1.48905,2.57049,1.13365,-1.13126
0.853347,-0.415086,-0.230492,1.5894,-0.368013,-0.298367,0.338835
1.29021,0.11718,-1.25698,1.50436,-0.779895,-0.931074,1.68102
1.15048,-0.208253,-0.830259,1.54488,2.25292,0.643599,-1.82381
0.617484,-0.455285,-2.96608,-1.59753,0.380135,0.270937,2.51034
0.817609,-0.465041,2.95939,-1.59876,2.63278,-0.28178,0.472543
1.14102,-0.246744,2.31706,-1.55009,2.20116,-0.670715,1.36824
0.586885,-0.477069,-2.90851,-1.60501,0.432501,0.264507,2.44519
0.377383,0.915041,2.50041,1.58324,-2.94463,1.42844,0.227946
0.140674,0.13465,1.35839,1.52733,-2.37262,0.99481,1.1011
1.10104,0.89811,0.679974,-1.59449,-0.158504,1.44137,-0.520602
0.474354,0.957288,-0.480228,-1.61985,0.126383,1.44675,0.133979
0.643101,-0.525122,0.182736,1.64428,-2.80316,0.302105,2.57028
0.921585,-0.514776,2.84369,-1.64589,-0.542527,0.353873,-2.5681
0.704338,1.00547,-0.0964934,-1.65968,0.0180996,1.46322,-0.0806302
0.659707,0.996594,2.95725,1.6625,0.0312152,-1.46224,3.10947
1.05801,0.932984,-2.62393,1.64678,3.01401,1.44393,-0.428293
0.202791,0.565079,-1.22634,-1.58303,0.407573,1.32444,0.674503
0.899368,-0.569166,2.93458,-1.67583,-0.300228,0.336369,-2.86551
0.848423,-0.587305,-0.107487,1.68306,3.02996,0.324207,-3.10722
0.483273,0.905671,-0.557522,-1.66077,0.0979077,1.45409,0.190524
0.632017,-0.578012,-2.8493,-1.68406,-2.61242,-0.40225,-0.814688
0.875664,0.974794,-3.01665,1.69415,3.07622,1.46048,-0.205314
0.806621,0.973998,-0.00572123,-1.69897,-0.0453461,1.46465,-0.132037
1.23263,0.801162,0.777513,-1.65264,-0.248045,1.39706,-0.612759
0.657958,0.942004,2.85397,1.69719,-3.13957,1.46981,0.0299318
0.902913,0.953652,-3.01032,1.70588,3.05331,1.45984,-0.211825
1.45155,0.202768,-1.57991,1.60339,2.50811,1.08549,-1.28048
0.521895,0.856141,2.56824,1.68299,0.0644512,-1.46932,-2.93144
0.490137,-0.528861,0.648551,1.67757,0.776526,-0.616988,-1.27027
0.652187,0.90004,2.78916,1.70376,3.13379,1.47677,0.0707057
1.34294,-0.38389,-0.938837,1.64995,2.39061,0.627968,-1.94674
0.805739,-0.68797,-3.04189,-1.71637,-2.74515,-0.389727,-0.576679
1.39224,0.583522,-2.09353,1.64035,2.73304,1.29695,-0.845815
0.543745,-0.587939,-2.54539,-1.68735,0.772374,0.606054,1.91919
0.630467,0.849886,2.70145,1.70104,3.13768,1.48356,0.127646
0.473641,-0.524825,0.762029,1.67102,0.811871,-0.707276,-1.37832
1.0677,-0.690237,-0.318356,1.7092,2.99697,0.353951,-2.98306
1.46323,-0.227476,-1.21159,1.62664,2.38019,0.762345,-1.69124
1.21139,-0.631262,2.57282,-1.68943,2.68428,-0.40345,0.604206
0.392839,0.557683,2.13198,1.64366,-2.91893,1.44943,0.555369
0.340259,-0.260608,-1.94193,-1.62575,0.758475,1.00465,1.39525
1.23333,-0.644613,-0.584141,1.6855,2.69697,0.395261,-2.54793
0.949805,-0.756718,3.08373,-1.71371,-2.81379,-0.366791,-0.442368
1.41852,-0.449786,2.16218,-1.64238,-0.728273,0.569845,-1.9821
0.316609,-0.0321103,1.48954,1.60633,0.624762,-1.19959,-1.99499
0.743597,-0.741209,0.333833,1.69892,0.718509,-0.506023,-1.01427
0.603354,-0.665772,-2.53208,-1.67517,0.82681,0.645866,1.86393
0.748655,-0.750735,-2.79885,-1.69422,-2.40329,-0.513636,-1.03981
0.470703,-0.517095,-2.21324,-1.63801,0.842764,0.839432,1.60577
1.1723,0.75354,-2.74427,1.68574,-0.277774,-1.40357,2.72673
0.38441,-0.300768,-1.89931,-1.6047,-2.38301,-1.04862,-1.78363
0.872672,-0.800061,0.154749,1.69213,0.654854,-0.439719,-0.873432
0.55976,0.593395,2.37544,1.64383,0.0760848,-1.49547,-2.77373
0.567409,-0.640941,0.760593,1.64114,0.871687,-0.744271,-1.42914
0.655985,-0.720357,-2.55639,-1.65493,-2.27873,-0.646614,-1.30394
0.537507,0.520491,-0.853606,-1.62445,0.118691,1.48956,0.439228
1.45253,-0.568884,2.21606,-1.61326,2.46728,-0.446747,1.01022
1.5825,0.0622012,1.43227,-1.57175,-0.707303,0.946268,-1.26134
1.58575,0.0554541,-1.71128,1.56779,2.42977,0.939456,-1.26186
0.414098,-0.274762,1.35078,1.56675,-2.41781,1.12496,1.25601
0.41418,-0.246809,-1.74989,-1.56059,-2.4382,-1.15075,-1.92051
0.666691,0.575574,2.50761,1.62107,-0.00229706,-1.49769,-2.87851
0.624614,0.521193,-0.734817,-1.60632,-3.09462,-1.49508,-2.80009
1.46214,-0.630749,-0.884127,1.58613,2.51995,0.376406,-2.24163
0.425747,-0.114499,1.57589,1.53792,-2.54497,1.25752,1.06075
1.46349,-0.647885,-0.870334,1.57701,-0.600983,-0.356228,0.86195
1.38457,-0.741114,-0.679816,1.59056,2.81826,0.286358,-2.6861
0.447288,-0.245943,-1.69157,-1.52347,-2.46179,-1.18357,-1.98575
0.52042,-0.528102,1.09266,1.53894,-2.28607,0.961565,1.41031
0.769836,-0.813051,0.501486,1.58882,0.936975,-0.620447,-1.36642
0.460677,-0.221315,-1.63866,-1.50495,-2.49112,-1.21121,-2.03731
0.495766,-0.424784,-1.88269,-1.50841,0.789914,1.06464,1.28232
0.689472,0.448731,-0.698211,-1.55213,-3.12553,-1.47931,-2.83814
1.56088,0.209026,1.08469,-1.50858,2.47727,-1.02707,2.15134
0.519812,0.0985924,1.92132,1.49155,-2.78248,1.39309,0.742027
1.01124,0.578693,3.04796,1.56974,-0.25562,-1.41395,2.99747
0.843726,-0.855096,0.416056,1.54837,0.969191,-0.582991,-1.3819
1.10876,0.562186,-3.06983,1.55559,-0.319829,-1.37235,2.88042
0.992631,0.547883,-0.148817,-1.54662,2.89659,-1.41123,3.02985
1.52019,0.267996,-2.2237,1.48163,-0.63206,-1.0678,2.27275
1.00485,-0.903776,-3.00185,-1.53157,0.940736,0.454037,1.89952
0.703214,0.337453,-0.762199,-1.48135,0.0452255,1.44926,0.341111
1.59136,0.100928,1.13102,-1.44032,-0.734248,0.929056,-1.04155
0.715105,0.323557,-0.755162,-1.4663,0.0393809,1.44145,0.331634
0.79335,-0.825503,0.587002,1.47341,1.00855,-0.674758,-1.55836
0.55222,-0.108405,1.76193,1.40238,-2.66426,1.30145,0.841008
1.37282,0.39174,-2.6084,1.46127,-0.519802,-1.18312,2.54231
1.14507,0.473728,0.0798939,-1.47536,2.78306,-1.31688,2.85394
1.45406,-0.790739,2.43562,-1.42942,3.05226,-0.174678,0.160751
1.00641,0.446036,2.94665,1.45524,-0.255728,-1.3645,3.04094
1.30535,0.403701,0.376268,-1.43783,-0.478677,1.21094,-0.497657
0.586474,-0.443299,-1.78557,-1.35374,0.747714,1.08892,1.10275
1.46572,-0.79001,2.42173,-1.39324,-0.0656775,0.157937,-3.00988
0.590437,-0.185099,1.7242,1.33443,-2.64046,1.25408,0.833782
1.09778,0.414487,-0.0471563,-1.41321,2.81213,-1.30345,2.92762
1.13291,0.40658,0.0158997,-1.4041,-0.357647,1.28176,-0.259586
0.617908,-0.488872,-1.83061,-1.31197,0.77072,1.05145,1.09727
1.36597,0.316409,-2.66434,1.36725,-0.544285,-1.12353,2.56081
0.609968,-0.293645,-1.53433,-1.28816,0.579315,1.18372,0.891329
0.992177,0.347216,-0.282912,-1.35971,-0.235833,1.31667,-0.0580826
1.38812,0.278768,0.518304,-1.33589,2.57008,-1.08445,2.52729
0.864204,0.252124,2.56939,1.32225,3.05496,1.33664,0.149088
1.393,-0.852042,2.61675,-1.31381,-2.41855,-0.169266,-0.81077
1.3287,-0.882378,-0.380577,1.31117,-2.20759,0.226411,2.03549
1.37512,0.25292,0.48028,-1.29272,-0.571885,1.06166,-0.595757
1.0277,0.296234,-0.247057,-1.29308,-0.264086,1.25902,-0.0980502
1.50244,-0.76312,2.3434,-1.2435,3.01216,-0.104384,0.196416
1.02276,0.27288,2.87197,1.26742,-0.256621,-1.24336,3.05419
0.994811,-0.882985,-2.80544,-1.25195,1.10401,0.546071,1.45742
0.829482,-0.77948,0.745561,1.21134,-2.13164,0.734305,1.26977
1.47561,-0.783783,-0.729299,1.20043,0.312226,-0.0947086,-0.308463
0.779204,-0.707664,-2.21259,-1.17257,0.937392,0.813444,1.16765
1.2483,0.236781,-2.95331,1.20803,2.66764,1.08032,-0.414554
1.1989,0.236394,-3.06196,1.19783,2.71286,1.10127,-0.343373
0.972831,-0.855841,-2.71735,-1.17287,-2.04901,-0.57604,-1.78325
1.10434,0.21501,-0.130983,-1.17222,-0.335878,1.13147,-0.204871
1.03859,0.187658,-0.282049,-1.15533,2.87851,-1.14961,3.03812
1.52898,-0.0403183,0.935232,-1.10044,-0.809756,0.733695,-0.927582
0.721655,-0.356349,1.6279,1.06308,-2.62357,1.04774,0.733356
0.731819,-0.298033,-1.40324,-1.05349,-2.70174,-1.06957,-2.48382
0.895021,-0.783838,0.669746,1.08452,-2.12907,0.664964,1.20373
0.882793,-0.767535,-2.42509,-1.06728,-2.14965,-0.67971,-1.96707
1.1418,0.156651,-0.0627862,-1.08409,2.76612,-1.03218,2.86993
1.45146,0.0066377,-2.41694,1.03949,-0.724343,-0.76434,2.33944
0.873421,-0.0211247,-0.778043,-1.02252,0.00848315,1.08801,0.210501
0.843406,-0.0769743,2.24306,1.0014,0.0823742,-1.07029,-2.85417
1.46895,-0.722987,-0.817245,0.994182,0.104329,-0.0642665,-0.0995818
1.49729,-0.677712,-0.943694,0.973592,2.53044,0.0815232,-2.42829
1.40713,-0.768132,2.50517,-0.979535,0.850188,0.109601,2.15112
1.09411,0.0874426,-0.180129,-0.987032,2.82049,-0.952091,2.92079
0.803726,-0.22893,-1.18188,-0.920681,-2.8934,-0.965773,-2.69818
1.26082,-0.823056,-0.251827,0.958726,1.07372,-0.252374,-1.49947
1.54037,-0.391574,-1.61449,0.888285,2.15497,0.338559,-1.43859
1.5333,-0.419465,-1.5538,0.875785,-0.975793,-0.308469,1.62702
1.48816,-0.603057,-1.10357,0.876097,-0.761364,-0.139814,0.975201
0.990004,0.00188121,2.69018,0.901711,2.9563,0.880502,-0.0707476
0.788792,-0.441061,-1.63839,-0.843045,-2.66188,-0.783392,-2.45417
1.48297,-0.270132,1.23313,-0.839447,2.34696,-0.416776,1.80802
1.31945,-0.753596,-0.521032,0.867347,-2.54747,0.172581,2.25664
0.825663,-0.202673,-1.05988,-0.830341,-3.02122,-0.800109,-2.82261
0.821366,-0.201162,-1.05602,-0.824613,0.109072,0.775415,0.313309
1.34642,-0.0793143,-2.43876,0.840032,2.62948,0.532138,-1.04744
1.40401,-0.179911,1.00931,-0.821912,-0.516707,0.448236,-1.37941
1.23336,0.00215743,-2.75253,0.855921,2.78041,0.568287,-0.861296
1.07561,-0.782804,-3.1055,-0.868124,-2.68444,-0.352375,-1.22406
0.923783,0.00462634,-0.444779,-0.863343,-0.144617,0.634951,-0.187003
1.0367,-0.778468,0.0829263,0.881306,0.32536,-0.386353,-1.14839
1.34153,-0.622873,2.21166,-0.852999,3.05551,-0.366951,0.0713469
0.927493,0.053913,2.81691,0.894104,-0.126384,-0.563836,2.79354
0.771408,-0.655909,-2.33752,-0.87847,-2.90983,-0.501129,-1.6731
1.31776,-0.613357,-0.933918,0.880824,-0.0735232,-0.455523,0.0500356
0.647515,-0.352774,-1.55855,-0.869375,0.0416396,0.545768,0.83997
1.00936,0.121013,-3.12543,0.939279,-0.013132,-0.492385,2.3262
0.862442,0.102029,2.79193,0.942245,3.09514,0.484747,-0.413887
0.877678,-0.753302,0.279369,0.953951,-0.0168876,-0.530188,-1.02106
0.731608,-0.674255,0.683609,0.94281,3.10985,0.539775,1.79164
1.20785,-0.671017,2.45703,-0.952028,3.05296,-0.60594,-0.184218
0.986863,0.174039,-3.05629,0.986658,0.179766,-0.454881,2.0744
1.13278,-0.708714,2.64163,-0.980169,3.02341,-0.645237,-0.323659
0.555134,-0.206531,1.77978,0.941779,2.91465,0.472916,0.823143
0.652391,-0.633606,0.767272,0.979514,-0.200447,-0.587786,-1.29452
0.623759,0.046098,-0.832457,-0.982965,2.9836,-0.387994,-2.97616
0.912248,-0.748072,3.12973,-1.02659,-0.203299,0.69491,2.48631
0.507926,-0.377945,-1.77607,-0.971268,2.78466,-0.523755,-1.76592
0.742674,0.211332,-0.371395,-1.03128,0.168099,0.341075,-0.622217
1.2527,-0.453465,-1.1775,0.989284,0.0556076,-0.818666,0.168104
0.697716,0.213845,2.69657,1.039,0.150751,-0.311312,2.60217
0.82143,0.271794,3.03603,1.05622,0.455616,-0.36249,1.99332
0.828201,-0.723932,-3.07399,-1.06191,-0.2897,0.790954,2.47706
1.1627,-0.552102,2.26046,-1.02692,3.09323,-0.89823,-0.0466163
0.488493,0.0461294,-1.02406,-1.02257,2.68328,-0.305111,-2.52636
1.18983,-0.461961,2.06785,-1.02406,-3.09913,-0.938966,0.0786582
0.77713,-0.701753,-3.03803,-1.07998,-0.344699,0.855113,2.47865
0.442399,-0.433324,-2.03584,-1.03014,-0.607524,0.632982,1.81353
0.506931,0.182906,-0.79019,-1.05347,-0.29299,0.195382,0.199163
0.54432,-0.592585,-2.50409,-1.06688,-0.522847,0.789099,2.1669
0.748033,-0.677911,-3.05482,-1.09289,-0.38425,0.925042,2.50815
1.10856,-0.480989,-0.927414,1.05129,3.13491,1.05223,3.11683
1.10839,-0.4625,-0.957116,1.05096,-3.12961,1.06757,3.13469
0.984312,-0.588655,-0.564076,1.07851,2.96379,1.06504,2.89432
0.462324,0.234869,-0.777686,-1.06542,-0.439622,0.110697,0.312225
0.56391,-0.601526,-2.68863,-1.0869,-0.547826,0.904068,2.3174
1.07303,-0.442371,2.20371,-1.05597,-3.1273,-1.12901,-0.0218951
1.02363,0.255432,-2.35829,1.06661,-2.23619,0.776582,-2.33041
0.466737,0.305153,2.47807,1.07455,0.475627,-0.0432842,2.42758
0.443383,-0.502298,0.712421,1.07081,2.43788,0.865983,2.19713
